{"modelling":{"id":"193de9a91f905cdcfbd39928e03a430f5920f24e","trg_seq":"MPSFKSVVSSLPVILTALPSVQAGLDLSSTSNVVVYWGQNSAAASGGGPSQQPLATYCEDPNIDTLVMAFMTRINGAGGVPEINLANIGDSCGTFD-GTNLKDCPQVGEDIKKCQSLGKTILLSIGGATYTEGGFQSAEAAEAGARMVWETFGPVTN-GDALRPFGDAVVDGFDLDFEATVSNMVPFANTLRSLMDSDSSKQYFLTAAPQCPFPDAANKEMLDGAVSFDAIWVQFYNNYCGVNSY------PDNFNFNTWDDWAQNTSKNKNVKVLVGVPANTGAAGSGYLPVDQLAPVIEHARTFPSFGGVMMWDASQAYANDGFLSGIKSILGSVISRVKRMFFRRDFW","tpl_seq":"----------------------AGWNVNSKQNIAVYWGQNSANS---QSTQQRLSFYCNDANINVIDIAFLNGITP----PMTNFANAGDRCTPFSDNPWLLQCPEIEADIKTCQANGKTILLSLGGDSYTQGGWSSTGAAQSAADQVWAMFGPVQSGSSVHRPFGSAVVDGFDFDFEATTNNLAAFGAQLKSRTNAAGGKKYYFSAAPQCFFPDAAVGALINA-VPMDWIQIQFYNNPCGVSGFTPGTSTQNNYNYQTWENWAKT-SPNPNVKLLVGIPAGPGA-GRGYVSGSQLTSVFQYSKGFSTFAGAMMWDMSQLYQNTGFETQVVNALR----------------","pdb_id":"template_upload","chain":"A","method":"Unknown","short_method":"Unknown","coverage":0.8600583076477051,"resolution":-1.0,"description":"Polypeptide","seq_sim":0.44248560070991516,"assembly_id":1,"score":1.5153197050094604,"pred_lddt":0.7246658205986023,"seq_id":48.47457504272461,"found_by":"HHblits","oligo_state":"monomer","comment":"e_value=1.9e-53, p_value=7.2e-55, score=382.7, ss_score=32.4, prob=100, gmqe_dist_const=0.9336027503013611, gmqe_reduced=0.10766207426786423, gmqe_cb_packing=-0.10377524048089981, gmqe_torsion=-0.22629857063293457, gmqe_ss_agreement=0.6094692945480347, gmqe_coverage=0.8600583076477051, gmqe_seq_id=48.47457504272461, gmqe_seq_sim=0.44248586893081665, gmqe_n_insertions=5, gmqe_n_deletions=3, gmqe_seqres_length=343, gmqe_seqres_coverage=0.8600583090379009, gmqe_profile_aln_score=382.7, gmqe_avg_entropy=2.0430402755737305","offset":0,"afdb_struct_serve_idx":null,"starttime":"04-11-23 (06:51:02)","QMean":{"global_scores":{"qmean4_norm_score":0.7119785705094406,"qmean4_z_score":-1.7466821972825688,"qmean6_norm_score":0.7196779167110813,"qmean6_z_score":-1.3917910579732402,"interaction_norm_score":-0.01960995904490596,"interaction_z_score":-0.8418574835992568,"cbeta_norm_score":-0.008123535916224011,"cbeta_z_score":-1.2996903562022069,"packing_norm_score":-0.31569340414497393,"packing_z_score":-0.957809040018263,"torsion_norm_score":-0.20744602791734884,"torsion_z_score":-1.1954892215157904,"ss_agreement_norm_score":0.6340295451586364,"ss_agreement_z_score":-0.10106577078646102,"acc_agreement_norm_score":0.6688524590163935,"acc_agreement_z_score":-0.17103313025608755,"avg_local_score":0.7815144476706349,"avg_local_score_error":0.052},"local_scores":{"A":[null,null,null,null,null,null,null,null,null,null,null,null,null,null,null,null,null,null,null,null,null,null,0.6634906096715228,0.7956321385838958,0.8464093679073273,0.7947603305339437,0.766166818135298,0.7623210187142943,0.8060233515832012,0.8220550706981393,0.8127875940928853,0.8398585042583083,0.8722370639743242,0.8974584242784192,0.9033786582520695,0.8946693128923996,0.8657403595192801,0.8793600728783774,0.7945194614954114,0.792408848775696,0.7816953703501706,0.7535104572481341,0.6874728817803951,0.44175012453595086,0.3206611293212212,0.34326150273228984,0.35952591348496604,0.6949729197334087,0.7183983680385718,0.7414666076980923,0.7536316206326926,0.7628229325829778,0.8280716496609342,0.8614150063682973,0.8600808468664226,0.8086434594584829,0.8344214529011139,0.8258998192243557,0.7497477574281312,0.7765025942608266,0.7630607863860424,0.7747429633735793,0.8295312069119156,0.8458335986729336,0.8881168617515308,0.9020729222466062,0.9185126163786844,0.8859527433630854,0.9134928828612441,0.871435428144773,0.856389402244777,0.8346417703563183,0.7711395978200145,0.8080691418417142,0.7776073674626719,0.5751253526338412,0.5531011163006334,0.6053933980922402,0.601369941351958,0.6000027465749005,0.8130432116762588,0.771574241976321,0.8182809894773685,0.8114883985260286,0.8274446021941564,0.8100412506630951,0.7377392787519327,0.7747774567096846,0.7560897727585948,0.7017998120561397,0.7660033879977848,0.7762573660741215,0.7105104679209963,0.6644010354102123,0.6242807396320473,0.427843314501716,0.5734045811831812,0.5897369789257194,0.6675472080399604,0.6943701096911847,0.7314475677604875,0.8063082106504483,0.8438401088428713,0.8400516514860851,0.798070722978519,0.8632583766614174,0.8772524737825407,0.8226589457620717,0.8638352361707085,0.8649973949738412,0.8347111085267869,0.8272210033421079,0.8681452026509224,0.8413116962615091,0.8532332153533565,0.829678829338399,0.834025753784228,0.8325776962948495,0.8751040609419928,0.895860384962828,0.9156358018005435,0.9149248500564542,0.9270719925752988,0.8867983277909433,0.9057609358400823,0.8883334931131568,0.8115569912494156,0.745432986037702,0.7723907464102313,0.744415134861239,0.7076963709247525,0.762599585573549,0.8014168360809866,0.7772641566091344,0.765168755093648,0.8055905179322558,0.8524681827439814,0.7681398807754967,0.8417781998846329,0.8740499002387019,0.7994486985382487,0.8468378106815103,0.8651249567648002,0.8804353152953142,0.755966023844294,0.7944927917285979,0.8500972513706124,0.8171279110871001,0.7882479385023585,0.8028445256463833,0.8504927162027446,0.841659286187819,0.7862905726776055,0.7176801703117593,0.7107958800341642,0.4798736240210708,0.6903990106903921,0.5924768544974575,0.7181375553628011,0.7249908969213686,0.7696415752849824,0.8651210404353092,0.8559811666070252,0.8421372539299563,0.8105530369438844,0.8732952619544995,0.8596295515130316,0.88864712033987,0.8757848444265709,0.9235479138238187,0.8954446858424077,0.9088334275967157,0.887969592862359,0.8896672152060913,0.8460380184350073,0.7791114061613761,0.7866311678818921,0.7414266781487918,0.7904558877447211,0.7996256790052847,0.8069599871393852,0.8088953515939193,0.8236876275761725,0.8532901113644091,0.8412218128941442,0.8753377443968753,0.8209290134656392,0.8462103371437005,0.8528860443778115,0.7756460772434366,0.8337519582084114,0.8270307890504955,0.7910284484940168,0.7583612773397401,0.7431456570676599,0.7286756056648159,0.7068533711755152,0.6520800774387371,0.6810455595139212,0.7440979538771524,0.8273555200195679,0.8504541190606232,0.860570430371613,0.8887590542610918,0.9051480237787134,0.916801673046556,0.8782670542496949,0.8230575620333769,0.8496353417763746,0.8003069802418502,0.7731403553874401,0.7673806856398762,0.76737275565049,0.7496992819732966,0.7677834113037677,0.7722629465244611,0.7433525824953078,0.7480640458440859,0.7850648201767522,0.7966689583745886,0.7816020183552854,0.7943617560116312,0.6370437165968484,0.6721708611942833,0.6940510092841473,0.8053481480605639,0.8297386983873385,0.8818253768740019,0.8777997103545799,0.8741983046492297,0.889046184765909,0.8606216669091645,0.8538807145614419,0.8328455438517923,0.786248344477057,0.7720157996516144,0.7921254677660626,0.8370276501590994,0.8333307055503595,0.8004228998887293,0.7200711990004003,0.7648311309101654,0.767022363801522,0.5955830756490538,0.464504428171125,0.6991000670106527,0.7793015064535868,0.7938601141194814,0.8277917069198253,0.7739016172368643,0.7715316937704629,0.8245502589393741,0.8037994358831735,0.7442571482890146,0.721327518742832,0.8011061491598752,0.7109348195111943,0.6807151297931406,0.5667232124154801,0.5531878584257233,0.7059469566827155,0.7261163340604211,0.6870257584396463,0.7145102232681074,0.7959790675473588,0.8125623828192853,0.8808529630726217,0.8960023051747961,0.9001328775247325,0.9150586229577667,0.8760008034860901,0.8686817398991318,0.8549518705526908,0.7754868686930076,0.7193051637388288,0.5016431316906316,0.5205196960126566,0.5219085071098739,0.7724176338197144,0.7742491619174688,0.7903710262158888,0.8093978038358297,0.7664438171097141,0.6986052979280327,0.6258824378931682,0.6293289575117741,0.6692484781679708,0.7260285069108553,0.7766994555011544,0.7418803172265881,0.7894189639412056,0.7823113588412537,0.7366216482419685,0.7593274067810387,0.8298846521453714,0.7591060022051626,0.7572453475059335,0.7708271740094599,0.779746849383518,0.8281806210943926,0.8431178693104943,0.8531592803469439,0.884052217225446,0.8933174497441985,0.8817889708910883,0.8672588498220327,